user,name,email,phone_num,team_state,study_state,intro
서팔광,서팔광,JEpSHHkgMC@likelion.org,010-9805-4444,0,0,
김덕협,김덕협,vcBOwLJDyx@likelion.org,010-6625-4487,0,0,
마석대,마석대,aJmtlmxRWM@likelion.org,010-7580-2851,0,0,
김억두,김억두,DfVNctAQac@likelion.org,010-6206-5120,0,0,
왕대협,왕대협,EyOFHexiAQ@likelion.org,010-5443-4472,0,0,
여춘팔,여춘팔,RyBKjtMTcG@likelion.org,010-4696-1118,0,0,
홍혁팔,홍혁팔,QZFLTeRgUZ@likelion.org,010-7727-1145,0,0,
배팔식,배팔식,zQdhGtQQZy@likelion.org,010-2896-8679,0,0,
마춘동,마춘동,jNFNTSKjLW@likelion.org,010-2645-7668,0,0,
두만식,두만식,jVeDNKPrnh@likelion.org,010-3777-4132,0,0,
남혁동,남혁동,GHGCflmuDT@likelion.org,010-1722-1346,0,0,
강팔춘,강팔춘,sfPgChJrfF@likelion.org,010-6889-1776,0,0,
허문탁,허문탁,CswiCDeDwv@likelion.org,010-9013-6977,0,0,
탁귀필,탁귀필,yHJaKLABkl@likelion.org,010-3597-7101,0,0,
염묵흥,염묵흥,aZjrbjlrKr@likelion.org,010-9178-6337,0,0,
문근철,문근철,vKpSZcoNhy@likelion.org,010-1036-7899,0,0,
주광창,주광창,lvVSIyVnxv@likelion.org,010-1302-9850,0,0,
조덕출,조덕출,lzRQLJzcDm@likelion.org,010-3305-8724,0,0,
한필효,한필효,BRbJZhSlEo@likelion.org,010-4332-1932,0,0,
엄대두,엄대두,IRtYFyIIcs@likelion.org,010-1570-1657,0,0,
황필조,황필조,ITCujLCwsO@likelion.org,010-2352-6580,0,0,
피수헉,피수헉,vsdxrGAXYV@likelion.org,010-1893-8416,0,0,
팔광구,팔광구,bgxXrIEbCd@likelion.org,010-6451-9631,0,0,
황지필,황지필,TohAAXAWUi@likelion.org,010-9609-3896,0,0,
나대물,나대물,lAqHIpHFPL@likelion.org,010-4821-8435,0,0,
계식도,계식도,FIiXncqGOS@likelion.org,010-2027-7080,0,0,
배용팔,배용팔,NoiJEkRTXm@likelion.org,010-9431-8729,0,0,
표팔제,표팔제,hzOBXwDhZU@likelion.org,010-8204-9535,0,0,
홍학철,홍학철,hwDpMbiWtU@likelion.org,010-4116-6434,0,0,
한만재,한만재,pHUojrggdE@likelion.org,010-3540-6401,0,0,
박두창,박두창,ogVfdVCmMh@likelion.org,010-3897-7582,0,0,
조대척,조대척,slgDEohRxK@likelion.org,010-8645-6933,0,0,
곽팔의,곽팔의,zvefExhDrK@likelion.org,010-5670-2108,0,0,
성두홍,성두홍,dEKhesAZpb@likelion.org,010-4589-3701,0,0,
김규억,김규억,gLYDObISJZ@likelion.org,010-2556-1512,0,0,
홍피살,홍피살,tHchnNiHaO@likelion.org,010-7036-4102,0,0,
여춘계,여춘계,HgBHweFzLe@likelion.org,010-8664-2205,0,0,
조국관,조국관,YsSYZnZbTz@likelion.org,010-6923-8494,0,0,
용덕출,용덕출,ebEfcfaQSc@likelion.org,010-7174-8758,0,0,
양팔두,양팔두,eIOGDcAgMl@likelion.org,010-2059-5635,0,0,
홍필계,홍필계,ZNkPhPXonk@likelion.org,010-1359-1207,0,0,
한확철,한확철,idfloUQetw@likelion.org,010-1674-8091,0,0,
묵정호,묵정호,sFCFklKZLX@likelion.org,010-8301-8698,0,0,
장체출,장체출,xlsaVqvSMm@likelion.org,010-6008-3727,0,0,
엄덕구,엄덕구,hwyguxDEXA@likelion.org,010-3332-5426,0,0,
곽철용,곽철용,mqJAKqIFoh@likelion.org,010-7030-6810,0,0,
김일제,김일제,LuSqGcZWUX@likelion.org,010-1974-5050,0,0,
유덕창,유덕창,sRyPZSJfEC@likelion.org,010-9360-5529,0,0,
최덕복,최덕복,KZnDwxRNlw@likelion.org,010-4153-7596,0,0,
두만욱,두만욱,lWIAseISFb@likelion.org,010-4725-7699,0,0,
엄석용,엄석용,xpZYSkSIlQ@likelion.org,010-8782-1134,0,0,
문태범,문태범,HiPWztZlND@likelion.org,010-4817-5800,0,0,
하우돈,하우돈,HNXUXZmlrZ@likelion.org,010-4226-6225,0,0,
허곽의,허곽의,ljAozrooGT@likelion.org,010-3241-9251,0,0,
사마철,사마철,pUGjNvQfHy@likelion.org,010-2385-6903,0,0,
장돉지,장돉지,trnVWzQIhV@likelion.org,010-2778-3849,0,0,
허익덕,허익덕,tHtGCnNzSl@likelion.org,010-5205-9853,0,0,
우암철,우암철,uWlRfqubBV@likelion.org,010-6215-6178,0,0,
김근척,김근척,hJRQLLOgYi@likelion.org,010-2481-2876,0,0,
박남살,박남살,dUIsnuftco@likelion.org,010-4379-4087,0,0,
허척살,허척살,xexxTiNhrx@likelion.org,010-4775-9491,0,0,
남기설,남기설,fsJxgIYTOo@likelion.org,010-1106-9509,0,0,
양수형,양수형,CqNkymbCdM@likelion.org,010-7390-5371,0,0,
김교살,김교살,DyUWjGdUgc@likelion.org,010-1486-8609,0,0,
오길석,오길석,igeYghUmxn@likelion.org,010-6117-2460,0,0,
장익대,장익대,jCxglsmVfO@likelion.org,010-1351-8463,0,0,
방여의,방여의,HVVDgkgEOT@likelion.org,010-7364-2605,0,0,
조왕몽,조왕몽,hNOmrZVgrj@likelion.org,010-8414-8539,0,0,
서방출,서방출,cdjUEStXVm@likelion.org,010-5059-2936,0,0,
곽마권,곽마권,StAozfdMga@likelion.org,010-3976-3031,0,0,
황충유,황충유,bpFKBfDmAP@likelion.org,010-7219-6887,0,0,
손필견,손필견,AqrDlEolGm@likelion.org,010-1824-2794,0,0,
권필쌍,권필쌍,PAngKVKevc@likelion.org,010-5194-5009,0,0,
허태유,허태유,gvxOWfjmeK@likelion.org,010-7575-5936,0,0,
구동범,구동범,zbamvsrzQI@likelion.org,010-1416-2595,0,0,
허계도,허계도,yWsKSmPXwY@likelion.org,010-5081-4850,0,0,
길원춘,길원춘,ixOLfUfPyZ@likelion.org,010-4304-9565,0,0,
천태랑,천태랑,HTrAyIIXpf@likelion.org,010-6043-1851,0,0,
무인희,무인희,NbmHDABOQm@likelion.org,010-2279-9252,0,0,
시효창,시효창,TrYKOqPuGU@likelion.org,010-9713-6312,0,0,
천원창,천원창,RaudRSlnyS@likelion.org,010-2879-5891,0,0,
신혈군,신혈군,lzyxZNAdry@likelion.org,010-2430-4450,0,0,
손무길,손무길,LgjCQJipXJ@likelion.org,010-8470-4101,0,0,
조북천,조북천,ctlwPSYVCV@likelion.org,010-2206-1169,0,0,
좌병덕,좌병덕,UPUCUTLjoD@likelion.org,010-1220-8617,0,0,
조창건,조창건,PFxswXxhdv@likelion.org,010-7105-1385,0,0,
목겸중,목겸중,gXCiAAOOHA@likelion.org,010-9588-9461,0,0,
전병반,전병반,hcgaciMguJ@likelion.org,010-8837-6200,0,0,
소천륭,소천륭,dcQvSSFqTI@likelion.org,010-3957-3635,0,0,
심존보,심존보,KNOkHuMSeP@likelion.org,010-6015-3284,0,0,
북조방,북조방,OepwxeVOsm@likelion.org,010-4672-9580,0,0,
구섬교,구섬교,CWTvqvdZsa@likelion.org,010-8982-2633,0,0,
마풍강,마풍강,MMGohtOcWU@likelion.org,010-3462-6531,0,0,
가원창,가원창,ajhMtgSfSi@likelion.org,010-4198-6368,0,0,
오신평,오신평,WOqFHObgkY@likelion.org,010-7279-5172,0,0,
방신마,방신마,DbtcwLXKIK@likelion.org,010-1538-1395,0,0,
신장전,신장전,srMAbjoVzp@likelion.org,010-8301-6509,0,0,
금천규,금천규,mmWIPKlkyG@likelion.org,010-3388-6455,0,0,
도엽철,도엽철,CSWHsXbUUS@likelion.org,010-1239-7273,0,0,
명지광,명지광,ZdSPtOURkr@likelion.org,010-9832-6807,0,0,
강주덕,강주덕,gLGQzNLVAw@likelion.org,010-5351-7489,0,0,
태백흥,태백흥,cZALedWCcn@likelion.org,010-1702-1680,0,0,
유확표,유확표,qXSpYnbbfM@likelion.org,010-3415-1540,0,0,
좌청룡,좌청룡,WmAuBlowGd@likelion.org,010-1950-5720,0,0,
우백호,우백호,wOoDlJKZvV@likelion.org,010-2486-7738,0,0,
박격포,박격포,TJVEKgQePd@likelion.org,010-9151-5912,0,0,
용맥덕,용맥덕,KSJJrbFAeV@likelion.org,010-2857-7210,0,0,
우극창,우극창,gKoWkRhdbq@likelion.org,010-4475-6738,0,0,
조평견,조평견,ssipAVvQpR@likelion.org,010-1023-6371,0,0,
장합교,장합교,jKGUkdDjPz@likelion.org,010-9627-2975,0,0,
편장합,편장합,QmjkbOAywz@likelion.org,010-7175-7698,0,0,
추득만,추득만,rFpaLbwLDg@likelion.org,010-6051-1488,0,0,
남익황,남익황,DQYNRwqqqr@likelion.org,010-3421-1516,0,0,
육만춘,육만춘,tIHdvXOtBn@likelion.org,010-9190-9377,0,0,
지혁궁,지혁궁,ooEsiijwWl@likelion.org,010-8276-2179,0,0,
이소현,이소현,zVQCcgLhLa@likelion.org,010-3682-8153,0,0,
박인우,박인우,xMqNSrPyYD@likelion.org,010-1920-1335,0,0,
이형석,이형석,VPyisUcpmS@likelion.org,010-7491-8066,0,0,
김주영,김주영,dusGaFooTg@likelion.org,010-3597-6381,0,0,
장순용,장순용,KsnrmteJDS@likelion.org,010-2714-1579,0,0,
이재화,이재화,juiSrqYzea@likelion.org,010-9255-8506,0,0,
박준영,박준영,GkFNrrcGaW@likelion.org,010-5318-9103,0,0,
김준태,김준태,yjHvCKLmkG@likelion.org,010-3883-6243,0,0,
양지웅,양지웅,atOYvoxNFI@likelion.org,010-9640-1335,0,0,
최주원,최주원,XeFgUSAYju@likelion.org,010-2743-6355,0,0,
이두희,이두희,hlZyIUEJoT@likelion.org,010-8342-4449,0,0,
피바다,피바다,kvSCEPZmcA@likelion.org,010-3124-8340,0,0,
김영숙,김영숙,uZIYrPJOHU@likelion.org,010-3153-4392,0,0,
이정숙,이정숙,rEkHExvwwY@likelion.org,010-2038-5966,0,0,
조정희,조정희,oLoNwlfCwf@likelion.org,010-8575-2169,0,0,
박순자,박순자,SqfSjyTVow@likelion.org,010-1624-2750,0,0,
김영자,김영자,EgvtzWNjLW@likelion.org,010-2611-8861,0,0,
박지훈,박지훈,LRsrHixrDu@likelion.org,010-3782-4910,0,0,
김동현,김동현,oKWFqybMyq@likelion.org,010-6815-8424,0,0,
이현우,이현우,snLzIBHDhM@likelion.org,010-1403-6842,0,0,
김성민,김성민,iBuYIDXmmF@likelion.org,010-8519-5565,0,0,
박정훈,박정훈,ZMEwQexWjZ@likelion.org,010-3918-1256,0,0,
이영식,이영식,EVZrtmoPSj@likelion.org,010-9852-3740,0,0,
강진영,강진영,zxgMDNrtgt@likelion.org,010-1108-6380,0,0,
임혜민,임혜민,OAShSmPSbC@likelion.org,010-5879-1499,0,0,
김주연,김주연,vXRgOmyCXY@likelion.org,010-2758-7066,0,0,
김상아,김상아,VSHSFqIuAw@likelion.org,010-9513-5058,0,0,
이상민,이상민,DKQhfFrNcf@likelion.org,010-3679-3593,0,0,
이수민,이수민,ktbpJCtYmn@likelion.org,010-1947-4168,0,0,
정보경,정보경,USCfRbaUyt@likelion.org,010-6146-4645,0,0,
정지은,정지은,NNCdFSWAhP@likelion.org,010-8907-2388,0,0,
김은진,김은진,KoHawdGDXy@likelion.org,010-5240-8126,0,0,
이승현,이승현,AosEDMKJLh@likelion.org,010-6597-7891,0,0,
김수진,김수진,dIOhRisZPi@likelion.org,010-9493-7150,0,0,
고경서,고경서,eYMhvoVXAh@likelion.org,010-9427-3254,0,0,
김완수,김완수,uyanCJYQmA@likelion.org,010-4580-6150,0,0,
이선화,이선화,eEuLjhwhwE@likelion.org,010-2686-6905,0,0,
김민수,김민수,klLjxKqQZq@likelion.org,010-1048-7056,0,0,
박소연,박소연,qmWnOmLxon@likelion.org,010-3588-5092,0,0,
권세린,권세린,hFJpNiZNMU@likelion.org,010-7368-3883,0,0,
최지은,최지은,ocokGLhfLw@likelion.org,010-8952-1459,0,0,
최정화,최정화,KCJDJFtWle@likelion.org,010-3562-8230,0,0,
최경주,최경주,jQKLCSRIiD@likelion.org,010-2546-2316,0,0,
이연진,이연진,TiQJlZrxne@likelion.org,010-9833-3139,0,0,
권제원,권제원,AmeudQyoaw@likelion.org,010-8837-9518,0,0,
유지혜,유지혜,PKzcCLCLaZ@likelion.org,010-6706-5966,0,0,
이두형,이두형,rvCRvxHarx@likelion.org,010-2789-5121,0,0,
정세영,정세영,KHTwuRVbGB@likelion.org,010-3484-4456,0,0,
황아현,황아현,jlTgzVDpmY@likelion.org,010-3938-7131,0,0,
김서현,김서현,EoOwHtDYFx@likelion.org,010-5899-5281,0,0,
장다연,장다연,MCDfyUAjdp@likelion.org,010-2597-6739,0,0,
최웅철,최웅철,NwcndkfBod@likelion.org,010-3526-5764,0,0,
김경아,김경아,eACOwcQcZF@likelion.org,010-4934-1785,0,0,
박지혜,박지혜,GRHsVIKuVP@likelion.org,010-1222-7264,0,0,
김혜란,김혜란,nycmdOyzDz@likelion.org,010-5123-7875,0,0,
김보경,김보경,XSfKMVEVTg@likelion.org,010-2516-1055,0,0,
김지연,김지연,DlXsKliRhE@likelion.org,010-7978-7179,0,0,
윤다형,윤다형,sXnKKRLgUs@likelion.org,010-6211-7371,0,0,
윤동주,윤동주,tLbFvrgKRb@likelion.org,010-9966-1772,0,0,
흑화당,흑화당,mNWWUDALZQ@likelion.org,010-1206-8279,0,0,
박종영,박종영,EDjXtbpVhq@likelion.org,010-8207-1743,0,0,
김광규,김광규,KTybHtkKcl@likelion.org,010-5184-3866,0,0,
김규리,김규리,dsAvjDOyXq@likelion.org,010-8535-4016,0,0,
이민선,이민선,UmdxZCUUjW@likelion.org,010-3988-6123,0,0,
이수진,이수진,cvqckqnIGN@likelion.org,010-9918-5772,0,0,
