name,username,password
서팔광,서팔광,1234
김덕협,김덕협,1234
마석대,마석대,1234
김억두,김억두,1234
왕대협,왕대협,1234
여춘팔,여춘팔,1234
홍혁팔,홍혁팔,1234
배팔식,배팔식,1234
마춘동,마춘동,1234
두만식,두만식,1234
남혁동,남혁동,1234
강팔춘,강팔춘,1234
허문탁,허문탁,1234
탁귀필,탁귀필,1234
염묵흥,염묵흥,1234
문근철,문근철,1234
주광창,주광창,1234
조덕출,조덕출,1234
한필효,한필효,1234
엄대두,엄대두,1234
황필조,황필조,1234
피수헉,피수헉,1234
팔광구,팔광구,1234
황지필,황지필,1234
나대물,나대물,1234
계식도,계식도,1234
배용팔,배용팔,1234
표팔제,표팔제,1234
홍학철,홍학철,1234
한만재,한만재,1234
박두창,박두창,1234
조대척,조대척,1234
곽팔의,곽팔의,1234
성두홍,성두홍,1234
김규억,김규억,1234
홍피살,홍피살,1234
여춘계,여춘계,1234
조국관,조국관,1234
용덕출,용덕출,1234
양팔두,양팔두,1234
홍필계,홍필계,1234
한확철,한확철,1234
묵정호,묵정호,1234
장체출,장체출,1234
엄덕구,엄덕구,1234
곽철용,곽철용,1234
김일제,김일제,1234
유덕창,유덕창,1234
최덕복,최덕복,1234
두만욱,두만욱,1234
엄석용,엄석용,1234
문태범,문태범,1234
하우돈,하우돈,1234
허곽의,허곽의,1234
사마철,사마철,1234
장돉지,장돉지,1234
허익덕,허익덕,1234
우암철,우암철,1234
김근척,김근척,1234
박남살,박남살,1234
허척살,허척살,1234
남기설,남기설,1234
양수형,양수형,1234
김교살,김교살,1234
오길석,오길석,1234
장익대,장익대,1234
방여의,방여의,1234
조왕몽,조왕몽,1234
서방출,서방출,1234
곽마권,곽마권,1234
황충유,황충유,1234
손필견,손필견,1234
권필쌍,권필쌍,1234
허태유,허태유,1234
구동범,구동범,1234
허계도,허계도,1234
길원춘,길원춘,1234
천태랑,천태랑,1234
무인희,무인희,1234
시효창,시효창,1234
천원창,천원창,1234
신혈군,신혈군,1234
손무길,손무길,1234
조북천,조북천,1234
좌병덕,좌병덕,1234
조창건,조창건,1234
목겸중,목겸중,1234
전병반,전병반,1234
소천륭,소천륭,1234
심존보,심존보,1234
북조방,북조방,1234
구섬교,구섬교,1234
마풍강,마풍강,1234
가원창,가원창,1234
오신평,오신평,1234
방신마,방신마,1234
신장전,신장전,1234
금천규,금천규,1234
도엽철,도엽철,1234
명지광,명지광,1234
강주덕,강주덕,1234
태백흥,태백흥,1234
유확표,유확표,1234
좌청룡,좌청룡,1234
우백호,우백호,1234
박격포,박격포,1234
용맥덕,용맥덕,1234
우극창,우극창,1234
조평견,조평견,1234
장합교,장합교,1234
편장합,편장합,1234
추득만,추득만,1234
남익황,남익황,1234
육만춘,육만춘,1234
지혁궁,지혁궁,1234
이소현,이소현,1234
박인우,박인우,1234
이형석,이형석,1234
김주영,김주영,1234
장순용,장순용,1234
이재화,이재화,1234
박준영,박준영,1234
김준태,김준태,1234
양지웅,양지웅,1234
최주원,최주원,1234
이두희,이두희,1234
피바다,피바다,1234
김영숙,김영숙,1234
이정숙,이정숙,1234
조정희,조정희,1234
박순자,박순자,1234
김영자,김영자,1234
박지훈,박지훈,1234
김동현,김동현,1234
이현우,이현우,1234
김성민,김성민,1234
박정훈,박정훈,1234
이영식,이영식,1234
강진영,강진영,1234
임혜민,임혜민,1234
김주연,김주연,1234
김상아,김상아,1234
이상민,이상민,1234
이수민,이수민,1234
정보경,정보경,1234
정지은,정지은,1234
김은진,김은진,1234
이승현,이승현,1234
김수진,김수진,1234
고경서,고경서,1234
김완수,김완수,1234
이선화,이선화,1234
김민수,김민수,1234
박소연,박소연,1234
권세린,권세린,1234
최지은,최지은,1234
최정화,최정화,1234
최경주,최경주,1234
이연진,이연진,1234
권제원,권제원,1234
유지혜,유지혜,1234
이두형,이두형,1234
정세영,정세영,1234
황아현,황아현,1234
김서현,김서현,1234
장다연,장다연,1234
최웅철,최웅철,1234
김경아,김경아,1234
박지혜,박지혜,1234
김혜란,김혜란,1234
김보경,김보경,1234
김지연,김지연,1234
윤다형,윤다형,1234
윤동주,윤동주,1234
흑화당,흑화당,1234
박종영,박종영,1234
김광규,김광규,1234
김규리,김규리,1234
이민선,이민선,1234
이수진,이수진,1234
